,type,p_val
0,cbo,0.02094
1,cboModified,0.02236
2,fanin,0.01143
3,fanout,0.02094
4,wmc,0.0176
5,dit,0.01278
6,noc,0.0224
7,rfc,0.04595
8,lcom,0.03054
9,lcom*,0.00475
10,tcc,0.00767
11,lcc,0.00767
12,totalMethodsQty,0.01643
13,staticMethodsQty,0.0105
14,loc,0.07431
15,loopQty,0.00636
16,stringLiteralsQty,0.0611
17,maxNestedBlocksQty,0.02067
