,type,p_val
0,cbo,0.15159
1,cboModified,0.13671
2,fanin,0.15912
3,fanout,0.15159
4,wmc,0.14338
5,dit,0.13768
6,noc,0.16249
7,rfc,0.16332
8,lcom,0.16332
9,lcom*,0.13682
10,tcc,0.13446
11,lcc,0.13446
12,totalMethodsQty,0.16667
13,staticMethodsQty,0.13671
14,loc,0.15665
15,loopQty,0.14588
16,stringLiteralsQty,0.16249
17,maxNestedBlocksQty,0.15159
