,type,p_val
0,cbo,0.01251
1,cboModified,0.01429
2,fanin,0.08665
3,fanout,0.01251
4,wmc,0.09039
5,dit,0.00914
6,noc,0.00779
7,rfc,0.08155
8,lcom,0.10207
9,lcom*,0.00233
10,tcc,0.0085
11,lcc,0.0085
12,totalMethodsQty,0.04915
13,staticMethodsQty,0.00996
14,loc,0.15848
15,loopQty,0.00491
16,stringLiteralsQty,0.06727
17,maxNestedBlocksQty,0.01976
