,type,p_val
0,cbo,0.01531
1,cboModified,0.01531
2,fanin,0.00189
3,fanout,0.01531
4,wmc,0.0522
5,dit,0.00684
6,noc,0.00203
7,rfc,0.03932
8,lcom,0.15982
9,lcom*,0.00382
10,tcc,0.02355
11,lcc,0.02355
12,totalMethodsQty,0.02887
13,staticMethodsQty,0.00722
14,loc,0.09183
15,loopQty,0.00801
16,stringLiteralsQty,0.14058
17,maxNestedBlocksQty,0.00935
