,type,p_val
0,cbo,0.04167
1,cboModified,0.02083
2,fanin,0.04167
3,fanout,0.04167
4,wmc,0.02083
5,dit,0.02083
6,noc,0.04167
7,rfc,0.02083
8,lcom,0.10417
9,lcom*,0.04167
10,tcc,0.04167
11,lcc,0.04167
12,totalMethodsQty,0.02083
13,staticMethodsQty,0.02083
14,loc,0.10417
15,loopQty,0.02083
16,stringLiteralsQty,0.02083
17,maxNestedBlocksQty,0.02083
