,type,p_val
0,cbo,0.03948
1,cboModified,0.05441
2,fanin,0.01301
3,fanout,0.03948
4,wmc,0.12188
5,dit,0.00352
6,noc,0.00425
7,rfc,0.06449
8,lcom,0.08359
9,lcom*,0.00056
10,tcc,0.00233
11,lcc,0.00233
12,totalMethodsQty,0.01778
13,staticMethodsQty,0.00215
14,loc,0.07603
15,loopQty,0.00278
16,stringLiteralsQty,0.12295
17,maxNestedBlocksQty,0.00296
