,type,p_val
0,cbo,0.04679
1,cboModified,0.03779
2,fanin,0.03853
3,fanout,0.04679
4,wmc,0.12026
5,dit,0.01599
6,noc,0.01717
7,rfc,0.14991
8,lcom,0.1619
9,lcom*,0.03673
10,tcc,0.03493
11,lcc,0.03493
12,totalMethodsQty,0.05069
13,staticMethodsQty,0.02431
14,loc,0.16642
15,loopQty,0.01231
16,stringLiteralsQty,0.15522
17,maxNestedBlocksQty,0.02709
