,type,p_val
0,cbo,0.02814
1,cboModified,0.05504
2,fanin,0.05504
3,fanout,0.02814
4,wmc,0.0649
5,dit,0.04206
6,noc,0.04206
7,rfc,0.02814
8,lcom,0.11313
9,lcom*,0.02009
10,tcc,0.01824
11,lcc,0.01824
12,totalMethodsQty,0.04614
13,staticMethodsQty,0.05504
14,loc,0.01217
15,loopQty,0.02524
16,stringLiteralsQty,0.02256
17,maxNestedBlocksQty,0.04614
