,type,p_val
0,cbo,0.12655
1,cboModified,0.13528
2,fanin,0.05064
3,fanout,0.12655
4,wmc,0.04047
5,dit,0.0148
6,noc,0.00263
7,rfc,0.04796
8,lcom,0.13528
9,lcom*,0.02797
10,tcc,0.01942
11,lcc,0.01942
12,totalMethodsQty,0.05628
13,staticMethodsQty,0.00701
14,loc,0.05064
15,loopQty,0.0036
16,stringLiteralsQty,0.03595
17,maxNestedBlocksQty,0.00133
