,type,p_val
0,cbo,0.00281
1,cboModified,0.00135
2,fanin,0.00069
3,fanout,0.00281
4,wmc,0.02718
5,dit,0.00034
6,noc,0.00053
7,rfc,0.01128
8,lcom,0.05782
9,lcom*,0.00024
10,tcc,0.00231
11,lcc,0.00231
12,totalMethodsQty,0.013
13,staticMethodsQty,0.00022
14,loc,0.02309
15,loopQty,0.00032
16,stringLiteralsQty,0.01494
17,maxNestedBlocksQty,0.00126
