,type,p_val
0,cbo,0.11589
1,cboModified,0.15365
2,fanin,0.15365
3,fanout,0.11589
4,wmc,0.15365
5,dit,0.15365
6,noc,0.14095
7,rfc,0.15365
8,lcom,0.12826
9,lcom*,0.10417
10,tcc,0.16667
11,lcc,0.16667
12,totalMethodsQty,0.11589
13,staticMethodsQty,0.09277
14,loc,0.16667
15,loopQty,0.11589
16,stringLiteralsQty,0.10417
17,maxNestedBlocksQty,0.09277
