,type,p_val
0,cbo,0.14583
1,cboModified,0.14583
2,fanin,0.14583
3,fanout,0.14583
4,wmc,0.10417
5,dit,0.10912
6,noc,0.10912
7,rfc,0.10417
8,lcom,0.0625
9,lcom*,0.10417
10,tcc,0.02995
11,lcc,0.02995
12,totalMethodsQty,0.10417
13,staticMethodsQty,0.01813
14,loc,0.0625
15,loopQty,0.01813
16,stringLiteralsQty,0.02083
17,maxNestedBlocksQty,0.04751
