,type,p_val
0,cbo,0.05208
1,cboModified,0.03646
2,fanin,0.00521
3,fanout,0.05208
4,wmc,0.01562
5,dit,0.01042
6,noc,0.01042
7,rfc,0.03646
8,lcom,0.07292
9,lcom*,0.00521
10,tcc,0.00719
11,lcc,0.00719
12,totalMethodsQty,0.03646
13,staticMethodsQty,0.01042
14,loc,0.05208
15,loopQty,0.00521
16,stringLiteralsQty,0.14062
17,maxNestedBlocksQty,0.00521
