,type,p_val
0,cbo,0.08487
1,cboModified,0.06177
2,fanin,0.02765
3,fanout,0.08487
4,wmc,0.11907
5,dit,0.02732
6,noc,0.01012
7,rfc,0.13651
8,lcom,0.16319
9,lcom*,0.00865
10,tcc,0.00923
11,lcc,0.00923
12,totalMethodsQty,0.04585
13,staticMethodsQty,0.01276
14,loc,0.15192
15,loopQty,0.01389
16,stringLiteralsQty,0.15192
17,maxNestedBlocksQty,0.02732
