,type,p_val
0,cbo,0.0711
1,cboModified,0.08691
2,fanin,0.01233
3,fanout,0.0711
4,wmc,0.09641
5,dit,0.00546
6,noc,0.00379
7,rfc,0.07277
8,lcom,0.16073
9,lcom*,0.00447
10,tcc,0.00168
11,lcc,0.00168
12,totalMethodsQty,0.03586
13,staticMethodsQty,0.00379
14,loc,0.06946
15,loopQty,0.0074
16,stringLiteralsQty,0.11675
17,maxNestedBlocksQty,0.00327
