,type,p_val
0,cbo,0.04921
1,cboModified,0.05711
2,fanin,0.00411
3,fanout,0.04921
4,wmc,0.0595
5,dit,0.00225
6,noc,0.00145
7,rfc,0.07659
8,lcom,0.07659
9,lcom*,0.00342
10,tcc,0.0046
11,lcc,0.0046
12,totalMethodsQty,0.03657
13,staticMethodsQty,0.00091
14,loc,0.08089
15,loopQty,0.00342
16,stringLiteralsQty,0.14817
17,maxNestedBlocksQty,0.01025
