,type,p_val
0,cbo,0.08986
1,cboModified,0.10555
2,fanin,0.13089
3,fanout,0.08986
4,wmc,0.05064
5,dit,0.02135
6,noc,0.06543
7,rfc,0.05924
8,lcom,0.07539
9,lcom*,0.10964
10,tcc,0.03084
11,lcc,0.03084
12,totalMethodsQty,0.09368
13,staticMethodsQty,0.01851
14,loc,0.11799
15,loopQty,0.05628
16,stringLiteralsQty,0.07889
17,maxNestedBlocksQty,0.05064
