,type,p_val
0,cbo,0.04915
1,cboModified,0.13116
2,fanin,0.13673
3,fanout,0.04915
4,wmc,0.06159
5,dit,0.00839
6,noc,0.00143
7,rfc,0.08263
8,lcom,0.09444
9,lcom*,0.00153
10,tcc,0.00026
11,lcc,0.00026
12,totalMethodsQty,0.03977
13,staticMethodsQty,0.00044
14,loc,0.15089
15,loopQty,0.00079
16,stringLiteralsQty,0.11365
17,maxNestedBlocksQty,0.01362
