,type,p_val
0,cbo,0.06591
1,cboModified,0.05874
2,fanin,0.03851
3,fanout,0.04021
4,wmc,0.11809
5,dit,0.02616
6,noc,0.03315
7,rfc,0.02813
8,lcom,0.13813
9,lcom*,0.0091
10,tcc,0.16249
11,lcc,0.16249
12,totalMethodsQty,0.06967
13,staticMethodsQty,0.062
14,loc,0.03502
15,loopQty,0.01178
16,stringLiteralsQty,0.02607
17,maxNestedBlocksQty,0.02216
