,type,p_val
0,cbo,0.03637
1,cboModified,0.04406
2,fanin,0.05508
3,fanout,0.03637
4,wmc,0.08479
5,dit,0.05508
6,noc,0.0179
7,rfc,0.05048
8,lcom,0.13164
9,lcom*,0.02014
10,tcc,0.02134
11,lcc,0.02134
12,totalMethodsQty,0.12096
13,staticMethodsQty,0.07316
14,loc,0.1389
15,loopQty,0.01685
16,stringLiteralsQty,0.10055
17,maxNestedBlocksQty,0.0346
