,type,p_val
0,cbo,0.01272
1,cboModified,0.02079
2,fanin,0.01522
3,fanout,0.01272
4,wmc,0.03006
5,dit,0.0041
6,noc,0.00268
7,rfc,0.03745
8,lcom,0.11088
9,lcom*,0.00221
10,tcc,0.00204
11,lcc,0.00204
12,totalMethodsQty,0.01758
13,staticMethodsQty,0.00326
14,loc,0.10094
15,loopQty,0.00124
16,stringLiteralsQty,0.12039
17,maxNestedBlocksQty,0.00503
