,type,p_val
0,cbo,0.08333
1,cboModified,0.08333
2,fanin,0.08333
3,fanout,0.08333
4,wmc,0.04167
5,dit,0.08333
6,noc,0.04167
7,rfc,0.08333
8,lcom,0.04167
9,lcom*,0.04167
10,tcc,0.04167
11,lcc,0.04167
12,totalMethodsQty,0.08333
13,staticMethodsQty,0.04167
14,loc,0.08333
15,loopQty,0.08333
16,stringLiteralsQty,0.08333
17,maxNestedBlocksQty,0.08333
